{"0xdAC17F958D2ee523a2206206994597C13D831ec7": 5.01, "0x869eC00FA1DC112917c781942Cc01c68521c415e": 6.3737593859, "0x912fD21d7a69678227fE6d08C64222Db41477bA0": 299324.9999122784}